{"v":"5.5.6","fr":24,"ip":0,"op":255,"w":282,"h":184,"nm":"Layer 38 Outlines Comp 1","ddd":0,"assets":[],"layers":[{"ddd":0,"ind":1,"ty":4,"nm":"Layer 38 Outlines","sr":1,"ks":{"o":{"a":0,"k":100,"ix":11},"r":{"a":0,"k":0,"ix":10},"p":{"a":0,"k":[139.345,101.243,0],"ix":2},"a":{"a":0,"k":[75.715,58.382,0],"ix":1},"s":{"a":0,"k":[100,100,100],"ix":6}},"ao":0,"shapes":[{"ty":"gr","it":[{"ind":0,"ty":"sh","ix":1,"ks":{"a":0,"k":{"i":[[0,0],[0,0]],"o":[[0,0],[0,0]],"v":[[9.181,-20.365],[-9.181,20.365]],"c":false},"ix":2},"nm":"Path 1","mn":"ADBE Vector Shape - Group","hd":false},{"ty":"tm","s":{"a":1,"k":[{"i":{"x":[0.05],"y":[1]},"o":{"x":[0.5],"y":[0]},"t":3,"s":[0]},{"i":{"x":[0.833],"y":[1]},"o":{"x":[0.167],"y":[0]},"t":16,"s":[0]},{"i":{"x":[0.587],"y":[1]},"o":{"x":[0.165],"y":[0]},"t":33,"s":[0]},{"i":{"x":[0.668],"y":[0.99]},"o":{"x":[0.334],"y":[0]},"t":45,"s":[100]},{"i":{"x":[0.828],"y":[1]},"o":{"x":[0.426],"y":[-12.445]},"t":46,"s":[0]},{"i":{"x":[0.833],"y":[1]},"o":{"x":[0.167],"y":[0]},"t":56,"s":[0]},{"i":{"x":[0.668],"y":[0.99]},"o":{"x":[0.167],"y":[0]},"t":66,"s":[100]},{"i":{"x":[0.828],"y":[1]},"o":{"x":[0.426],"y":[-12.445]},"t":67,"s":[0]},{"i":{"x":[0.833],"y":[1]},"o":{"x":[0.167],"y":[0]},"t":77,"s":[0]},{"i":{"x":[0.668],"y":[0.99]},"o":{"x":[0.167],"y":[0]},"t":87,"s":[100]},{"i":{"x":[0.828],"y":[1]},"o":{"x":[0.426],"y":[-12.445]},"t":88,"s":[0]},{"i":{"x":[0.833],"y":[1]},"o":{"x":[0.167],"y":[0]},"t":98,"s":[0]},{"i":{"x":[0.668],"y":[0.99]},"o":{"x":[0.167],"y":[0]},"t":108,"s":[100]},{"i":{"x":[0.828],"y":[1]},"o":{"x":[0.426],"y":[-12.445]},"t":109,"s":[0]},{"i":{"x":[0.833],"y":[1]},"o":{"x":[0.167],"y":[0]},"t":119,"s":[0]},{"i":{"x":[0.668],"y":[0.99]},"o":{"x":[0.167],"y":[0]},"t":129,"s":[100]},{"i":{"x":[0.828],"y":[1]},"o":{"x":[0.426],"y":[-12.445]},"t":130,"s":[0]},{"i":{"x":[0.833],"y":[1]},"o":{"x":[0.167],"y":[0]},"t":140,"s":[0]},{"i":{"x":[0.668],"y":[0.99]},"o":{"x":[0.167],"y":[0]},"t":150,"s":[100]},{"i":{"x":[0.828],"y":[1]},"o":{"x":[0.426],"y":[-12.445]},"t":151,"s":[0]},{"i":{"x":[0.833],"y":[1]},"o":{"x":[0.167],"y":[0]},"t":161,"s":[0]},{"i":{"x":[0.668],"y":[0.99]},"o":{"x":[0.167],"y":[0]},"t":171,"s":[100]},{"i":{"x":[0.828],"y":[1]},"o":{"x":[0.426],"y":[-12.445]},"t":172,"s":[0]},{"i":{"x":[0.833],"y":[1]},"o":{"x":[0.167],"y":[0]},"t":182,"s":[0]},{"i":{"x":[0.668],"y":[0.99]},"o":{"x":[0.167],"y":[0]},"t":192,"s":[100]},{"i":{"x":[0.828],"y":[1]},"o":{"x":[0.426],"y":[-12.445]},"t":193,"s":[0]},{"i":{"x":[0.833],"y":[1]},"o":{"x":[0.167],"y":[0]},"t":203,"s":[0]},{"t":213,"s":[100]}],"ix":1},"e":{"a":1,"k":[{"i":{"x":[0.05],"y":[1]},"o":{"x":[0.5],"y":[0]},"t":3,"s":[0]},{"i":{"x":[0.833],"y":[1]},"o":{"x":[0.167],"y":[0]},"t":16,"s":[100]},{"i":{"x":[0.587],"y":[1]},"o":{"x":[0.165],"y":[0]},"t":33,"s":[100]},{"i":{"x":[0.668],"y":[1]},"o":{"x":[0.334],"y":[0]},"t":45,"s":[100]},{"i":{"x":[0.828],"y":[1]},"o":{"x":[0.426],"y":[0]},"t":46,"s":[0]},{"i":{"x":[0.833],"y":[1]},"o":{"x":[0.167],"y":[0]},"t":56,"s":[100]},{"i":{"x":[0.668],"y":[1]},"o":{"x":[0.167],"y":[0]},"t":66,"s":[100]},{"i":{"x":[0.828],"y":[1]},"o":{"x":[0.426],"y":[0]},"t":67,"s":[0]},{"i":{"x":[0.833],"y":[1]},"o":{"x":[0.167],"y":[0]},"t":77,"s":[100]},{"i":{"x":[0.668],"y":[1]},"o":{"x":[0.167],"y":[0]},"t":87,"s":[100]},{"i":{"x":[0.828],"y":[1]},"o":{"x":[0.426],"y":[0]},"t":88,"s":[0]},{"i":{"x":[0.833],"y":[1]},"o":{"x":[0.167],"y":[0]},"t":98,"s":[100]},{"i":{"x":[0.668],"y":[1]},"o":{"x":[0.167],"y":[0]},"t":108,"s":[100]},{"i":{"x":[0.828],"y":[1]},"o":{"x":[0.426],"y":[0]},"t":109,"s":[0]},{"i":{"x":[0.833],"y":[1]},"o":{"x":[0.167],"y":[0]},"t":119,"s":[100]},{"i":{"x":[0.668],"y":[1]},"o":{"x":[0.167],"y":[0]},"t":129,"s":[100]},{"i":{"x":[0.828],"y":[1]},"o":{"x":[0.426],"y":[0]},"t":130,"s":[0]},{"i":{"x":[0.833],"y":[1]},"o":{"x":[0.167],"y":[0]},"t":140,"s":[100]},{"i":{"x":[0.668],"y":[1]},"o":{"x":[0.167],"y":[0]},"t":150,"s":[100]},{"i":{"x":[0.828],"y":[1]},"o":{"x":[0.426],"y":[0]},"t":151,"s":[0]},{"i":{"x":[0.833],"y":[1]},"o":{"x":[0.167],"y":[0]},"t":161,"s":[100]},{"i":{"x":[0.668],"y":[1]},"o":{"x":[0.167],"y":[0]},"t":171,"s":[100]},{"i":{"x":[0.828],"y":[1]},"o":{"x":[0.426],"y":[0]},"t":172,"s":[0]},{"i":{"x":[0.833],"y":[1]},"o":{"x":[0.167],"y":[0]},"t":182,"s":[100]},{"i":{"x":[0.668],"y":[1]},"o":{"x":[0.167],"y":[0]},"t":192,"s":[100]},{"i":{"x":[0.828],"y":[1]},"o":{"x":[0.426],"y":[0]},"t":193,"s":[0]},{"i":{"x":[0.833],"y":[1]},"o":{"x":[0.167],"y":[0]},"t":203,"s":[100]},{"t":213,"s":[100]}],"ix":2},"o":{"a":0,"k":0,"ix":3},"m":1,"ix":2,"nm":"Trim Paths 1","mn":"ADBE Vector Filter - Trim","hd":false},{"ty":"st","c":{"a":0,"k":[0.999999820485,0.999999760646,0.999999820485,1],"ix":3},"o":{"a":0,"k":100,"ix":4},"w":{"a":0,"k":3,"ix":5},"lc":1,"lj":1,"ml":10,"bm":0,"nm":"Stroke 1","mn":"ADBE Vector Graphic - Stroke","hd":false},{"ty":"tr","p":{"a":0,"k":[90.361,88.899],"ix":2},"a":{"a":0,"k":[0,0],"ix":1},"s":{"a":0,"k":[100,100],"ix":3},"r":{"a":0,"k":0,"ix":6},"o":{"a":0,"k":100,"ix":7},"sk":{"a":0,"k":0,"ix":4},"sa":{"a":0,"k":0,"ix":5},"nm":"Transform"}],"nm":"Group 1","np":3,"cix":2,"bm":0,"ix":1,"mn":"ADBE Vector Group","hd":false},{"ty":"gr","it":[{"ind":0,"ty":"sh","ix":1,"ks":{"a":0,"k":{"i":[[0,0],[0,0]],"o":[[0,0],[0,0]],"v":[[-6.343,13.855],[6.343,-13.855]],"c":false},"ix":2},"nm":"Path 1","mn":"ADBE Vector Shape - Group","hd":false},{"ty":"tm","s":{"a":1,"k":[{"i":{"x":[0.05],"y":[1]},"o":{"x":[0.5],"y":[0]},"t":6,"s":[100]},{"i":{"x":[0.833],"y":[1]},"o":{"x":[0.167],"y":[0]},"t":19,"s":[0]},{"i":{"x":[0.587],"y":[1]},"o":{"x":[0.165],"y":[0]},"t":41,"s":[0]},{"i":{"x":[0.668],"y":[1]},"o":{"x":[0.334],"y":[0]},"t":53,"s":[0]},{"i":{"x":[0.828],"y":[1]},"o":{"x":[0.426],"y":[0]},"t":54,"s":[100]},{"i":{"x":[0.833],"y":[1]},"o":{"x":[0.167],"y":[0]},"t":64,"s":[0]},{"i":{"x":[0.668],"y":[1]},"o":{"x":[0.167],"y":[0]},"t":74,"s":[0]},{"i":{"x":[0.828],"y":[1]},"o":{"x":[0.426],"y":[0]},"t":75,"s":[100]},{"i":{"x":[0.833],"y":[1]},"o":{"x":[0.167],"y":[0]},"t":85,"s":[0]},{"i":{"x":[0.668],"y":[1]},"o":{"x":[0.167],"y":[0]},"t":95,"s":[0]},{"i":{"x":[0.828],"y":[1]},"o":{"x":[0.426],"y":[0]},"t":96,"s":[100]},{"i":{"x":[0.833],"y":[1]},"o":{"x":[0.167],"y":[0]},"t":106,"s":[0]},{"i":{"x":[0.668],"y":[1]},"o":{"x":[0.167],"y":[0]},"t":116,"s":[0]},{"i":{"x":[0.828],"y":[1]},"o":{"x":[0.426],"y":[0]},"t":117,"s":[100]},{"i":{"x":[0.833],"y":[1]},"o":{"x":[0.167],"y":[0]},"t":127,"s":[0]},{"i":{"x":[0.668],"y":[1]},"o":{"x":[0.167],"y":[0]},"t":137,"s":[0]},{"i":{"x":[0.828],"y":[1]},"o":{"x":[0.426],"y":[0]},"t":138,"s":[100]},{"i":{"x":[0.833],"y":[1]},"o":{"x":[0.167],"y":[0]},"t":148,"s":[0]},{"i":{"x":[0.668],"y":[1]},"o":{"x":[0.167],"y":[0]},"t":158,"s":[0]},{"i":{"x":[0.828],"y":[1]},"o":{"x":[0.426],"y":[0]},"t":159,"s":[100]},{"i":{"x":[0.833],"y":[1]},"o":{"x":[0.167],"y":[0]},"t":169,"s":[0]},{"i":{"x":[0.668],"y":[1]},"o":{"x":[0.167],"y":[0]},"t":179,"s":[0]},{"i":{"x":[0.828],"y":[1]},"o":{"x":[0.426],"y":[0]},"t":180,"s":[100]},{"i":{"x":[0.833],"y":[1]},"o":{"x":[0.167],"y":[0]},"t":190,"s":[0]},{"i":{"x":[0.668],"y":[1]},"o":{"x":[0.167],"y":[0]},"t":200,"s":[0]},{"i":{"x":[0.828],"y":[1]},"o":{"x":[0.426],"y":[0]},"t":201,"s":[100]},{"i":{"x":[0.833],"y":[1]},"o":{"x":[0.167],"y":[0]},"t":211,"s":[0]},{"t":221,"s":[0]}],"ix":1},"e":{"a":1,"k":[{"i":{"x":[0.05],"y":[1]},"o":{"x":[0.5],"y":[0]},"t":6,"s":[100]},{"i":{"x":[0.833],"y":[1]},"o":{"x":[0.167],"y":[0]},"t":19,"s":[100]},{"i":{"x":[0.587],"y":[1]},"o":{"x":[0.165],"y":[0]},"t":41,"s":[100]},{"i":{"x":[0.668],"y":[0.99]},"o":{"x":[0.334],"y":[0]},"t":53,"s":[0]},{"i":{"x":[0.828],"y":[1]},"o":{"x":[0.426],"y":[12.445]},"t":54,"s":[100]},{"i":{"x":[0.833],"y":[1]},"o":{"x":[0.167],"y":[0]},"t":64,"s":[100]},{"i":{"x":[0.668],"y":[0.99]},"o":{"x":[0.167],"y":[0]},"t":74,"s":[0]},{"i":{"x":[0.828],"y":[1]},"o":{"x":[0.426],"y":[12.445]},"t":75,"s":[100]},{"i":{"x":[0.833],"y":[1]},"o":{"x":[0.167],"y":[0]},"t":85,"s":[100]},{"i":{"x":[0.668],"y":[0.99]},"o":{"x":[0.167],"y":[0]},"t":95,"s":[0]},{"i":{"x":[0.828],"y":[1]},"o":{"x":[0.426],"y":[12.445]},"t":96,"s":[100]},{"i":{"x":[0.833],"y":[1]},"o":{"x":[0.167],"y":[0]},"t":106,"s":[100]},{"i":{"x":[0.668],"y":[0.99]},"o":{"x":[0.167],"y":[0]},"t":116,"s":[0]},{"i":{"x":[0.828],"y":[1]},"o":{"x":[0.426],"y":[12.445]},"t":117,"s":[100]},{"i":{"x":[0.833],"y":[1]},"o":{"x":[0.167],"y":[0]},"t":127,"s":[100]},{"i":{"x":[0.668],"y":[0.99]},"o":{"x":[0.167],"y":[0]},"t":137,"s":[0]},{"i":{"x":[0.828],"y":[1]},"o":{"x":[0.426],"y":[12.445]},"t":138,"s":[100]},{"i":{"x":[0.833],"y":[1]},"o":{"x":[0.167],"y":[0]},"t":148,"s":[100]},{"i":{"x":[0.668],"y":[0.99]},"o":{"x":[0.167],"y":[0]},"t":158,"s":[0]},{"i":{"x":[0.828],"y":[1]},"o":{"x":[0.426],"y":[12.445]},"t":159,"s":[100]},{"i":{"x":[0.833],"y":[1]},"o":{"x":[0.167],"y":[0]},"t":169,"s":[100]},{"i":{"x":[0.668],"y":[0.99]},"o":{"x":[0.167],"y":[0]},"t":179,"s":[0]},{"i":{"x":[0.828],"y":[1]},"o":{"x":[0.426],"y":[12.445]},"t":180,"s":[100]},{"i":{"x":[0.833],"y":[1]},"o":{"x":[0.167],"y":[0]},"t":190,"s":[100]},{"i":{"x":[0.668],"y":[0.99]},"o":{"x":[0.167],"y":[0]},"t":200,"s":[0]},{"i":{"x":[0.828],"y":[1]},"o":{"x":[0.426],"y":[12.445]},"t":201,"s":[100]},{"i":{"x":[0.833],"y":[1]},"o":{"x":[0.167],"y":[0]},"t":211,"s":[100]},{"t":221,"s":[0]}],"ix":2},"o":{"a":0,"k":0,"ix":3},"m":1,"ix":2,"nm":"Trim Paths 1","mn":"ADBE Vector Filter - Trim","hd":false},{"ty":"st","c":{"a":0,"k":[0.999999820485,0.999999760646,0.999999820485,1],"ix":3},"o":{"a":0,"k":100,"ix":4},"w":{"a":0,"k":3,"ix":5},"lc":1,"lj":1,"ml":10,"bm":0,"nm":"Stroke 1","mn":"ADBE Vector Graphic - Stroke","hd":false},{"ty":"tr","p":{"a":0,"k":[76.505,82.39],"ix":2},"a":{"a":0,"k":[0,0],"ix":1},"s":{"a":0,"k":[100,100],"ix":3},"r":{"a":0,"k":0,"ix":6},"o":{"a":0,"k":100,"ix":7},"sk":{"a":0,"k":0,"ix":4},"sa":{"a":0,"k":0,"ix":5},"nm":"Transform"}],"nm":"Group 2","np":3,"cix":2,"bm":0,"ix":2,"mn":"ADBE Vector Group","hd":false},{"ty":"gr","it":[{"ind":0,"ty":"sh","ix":1,"ks":{"a":0,"k":{"i":[[0,0],[0,0]],"o":[[0,0],[0,0]],"v":[[7.512,-16.693],[-7.512,16.693]],"c":false},"ix":2},"nm":"Path 1","mn":"ADBE Vector Shape - Group","hd":false},{"ty":"tm","s":{"a":1,"k":[{"i":{"x":[0.05],"y":[1]},"o":{"x":[0.5],"y":[0]},"t":10,"s":[0]},{"i":{"x":[0.833],"y":[1]},"o":{"x":[0.167],"y":[0]},"t":23,"s":[0]},{"i":{"x":[0.661],"y":[1]},"o":{"x":[0.186],"y":[0]},"t":51,"s":[0]},{"i":{"x":[0.668],"y":[0.99]},"o":{"x":[0.334],"y":[0]},"t":63,"s":[100]},{"i":{"x":[0.828],"y":[1]},"o":{"x":[0.426],"y":[-12.445]},"t":64,"s":[0]},{"i":{"x":[0.833],"y":[1]},"o":{"x":[0.167],"y":[0]},"t":74,"s":[0]},{"i":{"x":[0.668],"y":[0.99]},"o":{"x":[0.167],"y":[0]},"t":84,"s":[100]},{"i":{"x":[0.828],"y":[1]},"o":{"x":[0.426],"y":[-12.445]},"t":85,"s":[0]},{"i":{"x":[0.833],"y":[1]},"o":{"x":[0.167],"y":[0]},"t":95,"s":[0]},{"i":{"x":[0.668],"y":[0.99]},"o":{"x":[0.167],"y":[0]},"t":105,"s":[100]},{"i":{"x":[0.828],"y":[1]},"o":{"x":[0.426],"y":[-12.445]},"t":106,"s":[0]},{"i":{"x":[0.833],"y":[1]},"o":{"x":[0.167],"y":[0]},"t":116,"s":[0]},{"i":{"x":[0.668],"y":[0.99]},"o":{"x":[0.167],"y":[0]},"t":126,"s":[100]},{"i":{"x":[0.828],"y":[1]},"o":{"x":[0.426],"y":[-12.445]},"t":127,"s":[0]},{"i":{"x":[0.833],"y":[1]},"o":{"x":[0.167],"y":[0]},"t":137,"s":[0]},{"i":{"x":[0.668],"y":[0.99]},"o":{"x":[0.167],"y":[0]},"t":147,"s":[100]},{"i":{"x":[0.828],"y":[1]},"o":{"x":[0.426],"y":[-12.445]},"t":148,"s":[0]},{"i":{"x":[0.833],"y":[1]},"o":{"x":[0.167],"y":[0]},"t":158,"s":[0]},{"i":{"x":[0.668],"y":[0.99]},"o":{"x":[0.167],"y":[0]},"t":168,"s":[100]},{"i":{"x":[0.828],"y":[1]},"o":{"x":[0.426],"y":[-12.445]},"t":169,"s":[0]},{"i":{"x":[0.833],"y":[1]},"o":{"x":[0.167],"y":[0]},"t":179,"s":[0]},{"i":{"x":[0.668],"y":[0.99]},"o":{"x":[0.167],"y":[0]},"t":189,"s":[100]},{"i":{"x":[0.828],"y":[1]},"o":{"x":[0.426],"y":[-12.445]},"t":190,"s":[0]},{"i":{"x":[0.833],"y":[1]},"o":{"x":[0.167],"y":[0]},"t":200,"s":[0]},{"i":{"x":[0.668],"y":[0.99]},"o":{"x":[0.167],"y":[0]},"t":210,"s":[100]},{"i":{"x":[0.828],"y":[1]},"o":{"x":[0.426],"y":[-12.445]},"t":211,"s":[0]},{"i":{"x":[0.833],"y":[1]},"o":{"x":[0.167],"y":[0]},"t":221,"s":[0]},{"t":231,"s":[100]}],"ix":1},"e":{"a":1,"k":[{"i":{"x":[0.05],"y":[1]},"o":{"x":[0.5],"y":[0]},"t":10,"s":[0]},{"i":{"x":[0.833],"y":[1]},"o":{"x":[0.167],"y":[0]},"t":23,"s":[100]},{"i":{"x":[0.661],"y":[1]},"o":{"x":[0.186],"y":[0]},"t":51,"s":[100]},{"i":{"x":[0.668],"y":[1]},"o":{"x":[0.334],"y":[0]},"t":63,"s":[100]},{"i":{"x":[0.828],"y":[1]},"o":{"x":[0.426],"y":[0]},"t":64,"s":[0]},{"i":{"x":[0.833],"y":[1]},"o":{"x":[0.167],"y":[0]},"t":74,"s":[100]},{"i":{"x":[0.668],"y":[1]},"o":{"x":[0.167],"y":[0]},"t":84,"s":[100]},{"i":{"x":[0.828],"y":[1]},"o":{"x":[0.426],"y":[0]},"t":85,"s":[0]},{"i":{"x":[0.833],"y":[1]},"o":{"x":[0.167],"y":[0]},"t":95,"s":[100]},{"i":{"x":[0.668],"y":[1]},"o":{"x":[0.167],"y":[0]},"t":105,"s":[100]},{"i":{"x":[0.828],"y":[1]},"o":{"x":[0.426],"y":[0]},"t":106,"s":[0]},{"i":{"x":[0.833],"y":[1]},"o":{"x":[0.167],"y":[0]},"t":116,"s":[100]},{"i":{"x":[0.668],"y":[1]},"o":{"x":[0.167],"y":[0]},"t":126,"s":[100]},{"i":{"x":[0.828],"y":[1]},"o":{"x":[0.426],"y":[0]},"t":127,"s":[0]},{"i":{"x":[0.833],"y":[1]},"o":{"x":[0.167],"y":[0]},"t":137,"s":[100]},{"i":{"x":[0.668],"y":[1]},"o":{"x":[0.167],"y":[0]},"t":147,"s":[100]},{"i":{"x":[0.828],"y":[1]},"o":{"x":[0.426],"y":[0]},"t":148,"s":[0]},{"i":{"x":[0.833],"y":[1]},"o":{"x":[0.167],"y":[0]},"t":158,"s":[100]},{"i":{"x":[0.668],"y":[1]},"o":{"x":[0.167],"y":[0]},"t":168,"s":[100]},{"i":{"x":[0.828],"y":[1]},"o":{"x":[0.426],"y":[0]},"t":169,"s":[0]},{"i":{"x":[0.833],"y":[1]},"o":{"x":[0.167],"y":[0]},"t":179,"s":[100]},{"i":{"x":[0.668],"y":[1]},"o":{"x":[0.167],"y":[0]},"t":189,"s":[100]},{"i":{"x":[0.828],"y":[1]},"o":{"x":[0.426],"y":[0]},"t":190,"s":[0]},{"i":{"x":[0.833],"y":[1]},"o":{"x":[0.167],"y":[0]},"t":200,"s":[100]},{"i":{"x":[0.668],"y":[1]},"o":{"x":[0.167],"y":[0]},"t":210,"s":[100]},{"i":{"x":[0.828],"y":[1]},"o":{"x":[0.426],"y":[0]},"t":211,"s":[0]},{"i":{"x":[0.833],"y":[1]},"o":{"x":[0.167],"y":[0]},"t":221,"s":[100]},{"t":231,"s":[100]}],"ix":2},"o":{"a":0,"k":0,"ix":3},"m":1,"ix":2,"nm":"Trim Paths 1","mn":"ADBE Vector Filter - Trim","hd":false},{"ty":"st","c":{"a":0,"k":[0.999999820485,0.999999760646,0.999999820485,1],"ix":3},"o":{"a":0,"k":100,"ix":4},"w":{"a":0,"k":3,"ix":5},"lc":1,"lj":1,"ml":10,"bm":0,"nm":"Stroke 1","mn":"ADBE Vector Graphic - Stroke","hd":false},{"ty":"tr","p":{"a":0,"k":[56.641,85.228],"ix":2},"a":{"a":0,"k":[0,0],"ix":1},"s":{"a":0,"k":[100,100],"ix":3},"r":{"a":0,"k":0,"ix":6},"o":{"a":0,"k":100,"ix":7},"sk":{"a":0,"k":0,"ix":4},"sa":{"a":0,"k":0,"ix":5},"nm":"Transform"}],"nm":"Group 3","np":3,"cix":2,"bm":0,"ix":3,"mn":"ADBE Vector Group","hd":false},{"ty":"gr","it":[{"ind":0,"ty":"sh","ix":1,"ks":{"a":0,"k":{"i":[[0,15.209],[15.304,0],[2.947,-1.066],[14.561,0],[3.498,-16.317],[2.578,0],[0,-13.092],[-13.091,0],[0,0],[0,0]],"o":[[0,-15.304],[-3.315,0],[-5.733,-12.402],[-17.362,0],[-2.322,-0.761],[-13.091,0],[0,13.091],[0,0],[0,0],[15.174,-0.151]],"v":[[68.215,9.681],[40.505,-18.03],[31.065,-16.379],[-1.773,-37.391],[-37.132,-8.839],[-44.512,-10.017],[-68.215,13.688],[-44.512,37.391],[40.788,37.391],[40.788,37.384]],"c":true},"ix":2},"nm":"Path 1","mn":"ADBE Vector Shape - Group","hd":false},{"ty":"tm","s":{"a":1,"k":[{"i":{"x":[0.05],"y":[1]},"o":{"x":[0.5],"y":[0]},"t":0,"s":[0]},{"t":23,"s":[0]}],"ix":1},"e":{"a":1,"k":[{"i":{"x":[0.05],"y":[1]},"o":{"x":[0.5],"y":[0]},"t":0,"s":[0]},{"t":23,"s":[68]}],"ix":2},"o":{"a":0,"k":0,"ix":3},"m":1,"ix":2,"nm":"Trim Paths 1","mn":"ADBE Vector Filter - Trim","hd":false},{"ty":"st","c":{"a":0,"k":[0.999999820485,0.999999760646,0.999999820485,1],"ix":3},"o":{"a":0,"k":100,"ix":4},"w":{"a":0,"k":3,"ix":5},"lc":1,"lj":1,"ml":10,"bm":0,"nm":"Stroke 1","mn":"ADBE Vector Graphic - Stroke","hd":false},{"ty":"tr","p":{"a":0,"k":[75.715,44.891],"ix":2},"a":{"a":0,"k":[0,0],"ix":1},"s":{"a":0,"k":[100,100],"ix":3},"r":{"a":0,"k":0,"ix":6},"o":{"a":0,"k":100,"ix":7},"sk":{"a":0,"k":0,"ix":4},"sa":{"a":0,"k":0,"ix":5},"nm":"Transform"}],"nm":"Group 5","np":3,"cix":2,"bm":0,"ix":4,"mn":"ADBE Vector Group","hd":false},{"ty":"gr","it":[{"ind":0,"ty":"sh","ix":1,"ks":{"a":0,"k":{"i":[[0,15.209],[15.304,0],[2.947,-1.066],[14.561,0],[3.498,-16.317],[2.578,0],[0,-13.092],[-13.091,0],[0,0],[0,0]],"o":[[0,-15.304],[-3.315,0],[-5.733,-12.402],[-17.362,0],[-2.322,-0.761],[-13.091,0],[0,13.091],[0,0],[0,0],[15.174,-0.151]],"v":[[68.215,9.681],[40.505,-18.03],[31.065,-16.379],[-1.773,-37.391],[-37.132,-8.839],[-44.512,-10.017],[-68.215,13.688],[-44.512,37.391],[40.788,37.391],[40.788,37.384]],"c":true},"ix":2},"nm":"Path 1","mn":"ADBE Vector Shape - Group","hd":false},{"ty":"tm","s":{"a":1,"k":[{"i":{"x":[0.05],"y":[1]},"o":{"x":[0.5],"y":[0]},"t":0,"s":[0]},{"t":23,"s":[85]}],"ix":1},"e":{"a":1,"k":[{"i":{"x":[0.05],"y":[1]},"o":{"x":[0.5],"y":[0]},"t":0,"s":[0]},{"t":23,"s":[100]}],"ix":2},"o":{"a":0,"k":0,"ix":3},"m":1,"ix":2,"nm":"Trim Paths 1","mn":"ADBE Vector Filter - Trim","hd":false},{"ty":"st","c":{"a":0,"k":[0.999999820485,0.999999760646,0.999999820485,1],"ix":3},"o":{"a":0,"k":100,"ix":4},"w":{"a":0,"k":3,"ix":5},"lc":1,"lj":1,"ml":10,"bm":0,"nm":"Stroke 1","mn":"ADBE Vector Graphic - Stroke","hd":false},{"ty":"tr","p":{"a":0,"k":[75.715,44.891],"ix":2},"a":{"a":0,"k":[0,0],"ix":1},"s":{"a":0,"k":[100,100],"ix":3},"r":{"a":0,"k":0,"ix":6},"o":{"a":0,"k":100,"ix":7},"sk":{"a":0,"k":0,"ix":4},"sa":{"a":0,"k":0,"ix":5},"nm":"Transform"}],"nm":"Group 4","np":3,"cix":2,"bm":0,"ix":5,"mn":"ADBE Vector Group","hd":false}],"ip":0,"op":255,"st":0,"bm":0}],"markers":[]}