{
  "v": "5.5.9",
  "fr": 30,
  "ip": 0,
  "op": 600,
  "w": 200,
  "h": 200,
  "nm": "å¤©æ°-å¤äº",
  "ddd": 0,
  "assets": [],
  "layers": [
    {
      "ddd": 0,
      "ind": 1,
      "ty": 4,
      "nm": "âå¤ªé³âè½®å» 2",
      "sr": 1,
      "ks": {
        "o": { "a": 0, "k": 100, "ix": 11 },
        "r": { "a": 0, "k": 0, "ix": 10 },
        "p": { "a": 0, "k": [100.005, 99.986, 0], "ix": 2 },
        "a": { "a": 0, "k": [37.356, 37.368, 0], "ix": 1 },
        "s": { "a": 0, "k": [135, 135, 100], "ix": 6 }
      },
      "ao": 0,
      "shapes": [
        {
          "ty": "gr",
          "it": [
            {
              "ind": 0,
              "ty": "sh",
              "ix": 1,
              "ks": {
                "a": 0,
                "k": {
                  "i": [
                    [0, 0],
                    [-20.489, -0.009],
                    [-0.009, 20.49],
                    [0, 0],
                    [20.49, 0.003],
                    [0.003, -20.49]
                  ],
                  "o": [
                    [-0.009, 20.49],
                    [20.49, 0.009],
                    [0, 0],
                    [0.003, -20.49],
                    [-20.49, -0.004],
                    [0, 0]
                  ],
                  "v": [
                    [-37.097, -0.008],
                    [-0.013, 37.109],
                    [37.103, 0.025],
                    [37.103, -0.008],
                    [0.009, -37.113],
                    [-37.097, -0.02]
                  ],
                  "c": true
                },
                "ix": 2
              },
              "nm": "è·¯å¾ 1",
              "mn": "ADBE Vector Shape - Group",
              "hd": false
            },
            {
              "ty": "fl",
              "c": {
                "a": 0,
                "k": [0.929000016755, 0.663000009574, 0.081999999402, 1],
                "ix": 4
              },
              "o": { "a": 0, "k": 100, "ix": 5 },
              "r": 1,
              "bm": 0,
              "nm": "å¡«å 1",
              "mn": "ADBE Vector Graphic - Fill",
              "hd": false
            },
            {
              "ty": "tr",
              "p": { "a": 0, "k": [37.356, 37.368], "ix": 2 },
              "a": { "a": 0, "k": [0, 0], "ix": 1 },
              "s": { "a": 0, "k": [100, 100], "ix": 3 },
              "r": { "a": 0, "k": 0, "ix": 6 },
              "o": { "a": 0, "k": 100, "ix": 7 },
              "sk": { "a": 0, "k": 0, "ix": 4 },
              "sa": { "a": 0, "k": 0, "ix": 5 },
              "nm": "åæ¢"
            }
          ],
          "nm": "ç» 1",
          "np": 2,
          "cix": 2,
          "bm": 0,
          "ix": 1,
          "mn": "ADBE Vector Group",
          "hd": false
        }
      ],
      "ip": 0,
      "op": 601,
      "st": 0,
      "bm": 0
    },
    {
      "ddd": 0,
      "ind": 2,
      "ty": 4,
      "nm": "âåèâè½®å» 2",
      "sr": 1,
      "ks": {
        "o": { "a": 0, "k": 100, "ix": 11 },
        "r": {
          "a": 1,
          "k": [
            {
              "i": { "x": [0.833], "y": [0.833] },
              "o": { "x": [0.167], "y": [0.167] },
              "t": 0,
              "s": [0]
            },
            { "t": 600, "s": [360] }
          ],
          "ix": 10
        },
        "p": { "a": 0, "k": [100.018, 100.016, 0], "ix": 2 },
        "a": { "a": 0, "k": [58.9, 61.35, 0], "ix": 1 },
        "s": { "a": 0, "k": [135, 135, 100], "ix": 6 }
      },
      "ao": 0,
      "shapes": [
        {
          "ty": "gr",
          "it": [
            {
              "ind": 0,
              "ty": "sh",
              "ix": 1,
              "ks": {
                "a": 0,
                "k": {
                  "i": [
                    [1.3, 1],
                    [-0.901, 1.3],
                    [0, 0],
                    [-1.299, -0.9],
                    [0.9, -1.3],
                    [0, 0]
                  ],
                  "o": [
                    [-1.301, -1],
                    [0, 0],
                    [1, -1.3],
                    [1.3, 1],
                    [0, 0],
                    [-1, 1.3]
                  ],
                  "v": [
                    [27.951, -38.5],
                    [27.251, -42.7],
                    [31.65, -48.7],
                    [35.85, -49.4],
                    [36.551, -45.2],
                    [32.15, -39.2]
                  ],
                  "c": true
                },
                "ix": 2
              },
              "nm": "è·¯å¾ 1",
              "mn": "ADBE Vector Shape - Group",
              "hd": false
            },
            {
              "ind": 1,
              "ty": "sh",
              "ix": 2,
              "ks": {
                "a": 0,
                "k": {
                  "i": [
                    [0.5, 1.6],
                    [-1.5, 0.5],
                    [0, 0],
                    [-0.5, -1.5],
                    [1.5, -0.5],
                    [0, 0]
                  ],
                  "o": [
                    [-0.5, -1.6],
                    [0, 0],
                    [1.599, -0.5],
                    [0.5, 1.6],
                    [0, 0],
                    [-1.6, 0.5]
                  ],
                  "v": [
                    [45.251, -14.7],
                    [47.15, -18.5],
                    [54.251, -20.8],
                    [58.051, -18.9],
                    [56.15, -15.1],
                    [49.051, -12.8]
                  ],
                  "c": true
                },
                "ix": 2
              },
              "nm": "è·¯å¾ 2",
              "mn": "ADBE Vector Shape - Group",
              "hd": false
            },
            {
              "ind": 2,
              "ty": "sh",
              "ix": 3,
              "ks": {
                "a": 0,
                "k": {
                  "i": [
                    [-0.5, 1.6],
                    [-1.6, -0.6],
                    [0, 0],
                    [0.599, -1.6],
                    [1.599, 0.6],
                    [0, 0]
                  ],
                  "o": [
                    [0.5, -1.6],
                    [0, 0],
                    [1.601, 0.5],
                    [-0.5, 1.6],
                    [0, 0],
                    [-1.599, -0.5]
                  ],
                  "v": [
                    [45.251, 14.7],
                    [49.051, 12.8],
                    [56.15, 15.1],
                    [58.051, 18.9],
                    [54.251, 20.8],
                    [47.15, 18.5]
                  ],
                  "c": true
                },
                "ix": 2
              },
              "nm": "è·¯å¾ 3",
              "mn": "ADBE Vector Shape - Group",
              "hd": false
            },
            {
              "ind": 3,
              "ty": "sh",
              "ix": 4,
              "ks": {
                "a": 0,
                "k": {
                  "i": [
                    [-1.4, 1],
                    [-0.899, -1.4],
                    [0, 0],
                    [1.401, -0.9],
                    [0.901, 1.4],
                    [0, 0]
                  ],
                  "o": [
                    [1.3, -1],
                    [0, 0],
                    [1, 1.3],
                    [-1.299, 1],
                    [0, 0],
                    [-1, -1.3]
                  ],
                  "v": [
                    [27.951, 38.5],
                    [32.15, 39.2],
                    [36.551, 45.2],
                    [35.85, 49.4],
                    [31.65, 48.7],
                    [27.251, 42.7]
                  ],
                  "c": true
                },
                "ix": 2
              },
              "nm": "è·¯å¾ 4",
              "mn": "ADBE Vector Shape - Group",
              "hd": false
            },
            {
              "ind": 4,
              "ty": "sh",
              "ix": 5,
              "ks": {
                "a": 0,
                "k": {
                  "i": [
                    [-1.7, 0],
                    [0, -1.6],
                    [0, 0],
                    [1.6, 0],
                    [0, 1.6],
                    [0, 0]
                  ],
                  "o": [
                    [1.699, 0],
                    [0, 0],
                    [0, 1.7],
                    [-1.7, 0],
                    [0, 0],
                    [0, -1.7]
                  ],
                  "v": [
                    [-0.049, 47.6],
                    [2.951, 50.6],
                    [2.951, 58.1],
                    [-0.049, 61.1],
                    [-3.049, 58.1],
                    [-3.049, 50.6]
                  ],
                  "c": true
                },
                "ix": 2
              },
              "nm": "è·¯å¾ 5",
              "mn": "ADBE Vector Shape - Group",
              "hd": false
            },
            {
              "ind": 5,
              "ty": "sh",
              "ix": 6,
              "ks": {
                "a": 0,
                "k": {
                  "i": [
                    [-1.3, -1],
                    [0.901, -1.3],
                    [0, 0],
                    [1.299, 0.9],
                    [-0.899, 1.3],
                    [0, 0]
                  ],
                  "o": [
                    [1.3, 1],
                    [0, 0],
                    [-1, 1.3],
                    [-1.3, -1],
                    [0, 0],
                    [1, -1.4]
                  ],
                  "v": [
                    [-28.049, 38.5],
                    [-27.35, 42.7],
                    [-31.749, 48.7],
                    [-35.949, 49.4],
                    [-36.65, 45.2],
                    [-32.249, 39.2]
                  ],
                  "c": true
                },
                "ix": 2
              },
              "nm": "è·¯å¾ 6",
              "mn": "ADBE Vector Shape - Group",
              "hd": false
            },
            {
              "ind": 6,
              "ty": "sh",
              "ix": 7,
              "ks": {
                "a": 0,
                "k": {
                  "i": [
                    [-0.5, -1.6],
                    [1.5, -0.5],
                    [0, 0],
                    [0.5, 1.5],
                    [-1.5, 0.5],
                    [0, 0]
                  ],
                  "o": [
                    [0.5, 1.6],
                    [0, 0],
                    [-1.6, 0.5],
                    [-0.5, -1.6],
                    [0, 0],
                    [1.601, -0.6]
                  ],
                  "v": [
                    [-45.349, 14.7],
                    [-47.249, 18.5],
                    [-54.349, 20.8],
                    [-58.15, 18.9],
                    [-56.249, 15.1],
                    [-49.15, 12.8]
                  ],
                  "c": true
                },
                "ix": 2
              },
              "nm": "è·¯å¾ 7",
              "mn": "ADBE Vector Shape - Group",
              "hd": false
            },
            {
              "ind": 7,
              "ty": "sh",
              "ix": 8,
              "ks": {
                "a": 0,
                "k": {
                  "i": [
                    [0.641, -1.597],
                    [1.512, 0.696],
                    [0, 0],
                    [-0.695, 1.512],
                    [-1.512, -0.695],
                    [0, 0]
                  ],
                  "o": [
                    [-0.558, 1.542],
                    [0, 0],
                    [-1.543, -0.558],
                    [0.558, -1.542],
                    [0, 0],
                    [1.543, 0.557]
                  ],
                  "v": [
                    [-44.187, -14.327],
                    [-48.104, -12.657],
                    [-55.041, -15.347],
                    [-56.712, -19.264],
                    [-52.795, -20.934],
                    [-45.858, -18.244]
                  ],
                  "c": true
                },
                "ix": 2
              },
              "nm": "è·¯å¾ 8",
              "mn": "ADBE Vector Shape - Group",
              "hd": false
            },
            {
              "ind": 8,
              "ty": "sh",
              "ix": 9,
              "ks": {
                "a": 0,
                "k": {
                  "i": [
                    [1.399, -1],
                    [0.9, 1.4],
                    [0, 0],
                    [-1.4, 0.9],
                    [-0.901, -1.4],
                    [0, 0]
                  ],
                  "o": [
                    [-1.3, 1],
                    [0, 0],
                    [-1, -1.3],
                    [1.299, -1],
                    [0, 0],
                    [1, 1.3]
                  ],
                  "v": [
                    [-28.049, -38.5],
                    [-32.249, -39.2],
                    [-36.65, -45.2],
                    [-35.949, -49.4],
                    [-31.749, -48.7],
                    [-27.35, -42.7]
                  ],
                  "c": true
                },
                "ix": 2
              },
              "nm": "è·¯å¾ 9",
              "mn": "ADBE Vector Shape - Group",
              "hd": false
            },
            {
              "ind": 9,
              "ty": "sh",
              "ix": 10,
              "ks": {
                "a": 0,
                "k": {
                  "i": [
                    [1.699, 0],
                    [0, 1.6],
                    [0, 0],
                    [-1.601, 0],
                    [0, -1.6],
                    [0, 0]
                  ],
                  "o": [
                    [-1.7, 0],
                    [0, 0],
                    [0, -1.7],
                    [1.699, 0],
                    [0, 0],
                    [0, 1.6]
                  ],
                  "v": [
                    [-0.049, -47.6],
                    [-3.049, -50.6],
                    [-3.049, -58.1],
                    [-0.049, -61.1],
                    [2.951, -58.1],
                    [2.951, -50.6]
                  ],
                  "c": true
                },
                "ix": 2
              },
              "nm": "è·¯å¾ 10",
              "mn": "ADBE Vector Shape - Group",
              "hd": false
            },
            {
              "ty": "mm",
              "mm": 1,
              "nm": "åå¹¶è·¯å¾ 1",
              "mn": "ADBE Vector Filter - Merge",
              "hd": false
            },
            {
              "ty": "fl",
              "c": {
                "a": 0,
                "k": [0.929000016755, 0.663000009574, 0.081999999402, 1],
                "ix": 4
              },
              "o": { "a": 0, "k": 100, "ix": 5 },
              "r": 1,
              "bm": 0,
              "nm": "å¡«å 1",
              "mn": "ADBE Vector Graphic - Fill",
              "hd": false
            },
            {
              "ty": "tr",
              "p": { "a": 0, "k": [58.9, 61.35], "ix": 2 },
              "a": { "a": 0, "k": [0, 0], "ix": 1 },
              "s": { "a": 0, "k": [100, 100], "ix": 3 },
              "r": { "a": 0, "k": 0, "ix": 6 },
              "o": { "a": 0, "k": 100, "ix": 7 },
              "sk": { "a": 0, "k": 0, "ix": 4 },
              "sa": { "a": 0, "k": 0, "ix": 5 },
              "nm": "åæ¢"
            }
          ],
          "nm": "ç» 1",
          "np": 12,
          "cix": 2,
          "bm": 0,
          "ix": 1,
          "mn": "ADBE Vector Group",
          "hd": false
        }
      ],
      "ip": 0,
      "op": 601,
      "st": 0,
      "bm": 0
    }
  ],
  "markers": []
}
